,,,,,,,,,,,,,,,,,,,,,,,,,,,,,,,,,,,,,,,,,,
,,,,,,,,,,,,,,,,,,,,,,,,,,,,,,,,,,,,,,,,,,
PRIMARY,KM,TAHUN,NO,TYPE,INDIKATOR KINERJA 2026,POLARITAS,SATUAN,UNIT,TARGET BULANAN,,TARGET MINGGU-1 ,TARGET MINGGU-2,TARGET MINGGU-3,TARGET MINGGU-4,TARGET MINGGU-5,,REALISASI MINGGU-1,REALISASI MINGGU-2 ,REALISASI MINGGU-3 ,REALISASI MINGGU-4 ,REALISASI MINGGU-5,,PENCAPAIAN MINGGU-1,PENCAPAIAN MINGGU-2 ,PENCAPAIAN MINGGU-3,PENCAPAIAN MINGGU-4,PENCAPAIAN MINGGU-5,,CARRY OVER MINGGU-1,,,,,,,,,,CARRY OVER MINGGU-2,CARRY OVER MINGGU-3,CARRY OVER MINGGU-4,CARRY OVER MINGGU-5
LM-1 Melaksanakan Penambahan Daya TersambungUID JABAR2026,4DX,2026,WIG-1,4DX,LM-1 Melaksanakan Penambahan Daya Tersambung,3,MVA,UID JABAR,"159,63",,"31,93","31,93","31,93","31,93","31,93",,"27,38","27,38","27,38","27,38","27,38",,"85,76%",86%,86%,86%,86%,,5,,,,,,,,,,,,,
LM-1 Melaksanakan Penambahan Daya TersambungBANDUNG2026,4DX,2026,WIG-1,4DX,LM-1 Melaksanakan Penambahan Daya Tersambung,3,MVA,BANDUNG,"11,08",,"2,22","2,22","2,22","2,22","2,22",,"2,37","2,37","2,37","2,37","2,37",,"106,97%",107%,107%,107%,107%,,0,,,,,,,,,,,,,
LM-1 Melaksanakan Penambahan Daya TersambungBEKASI2026,4DX,2026,WIG-1,4DX,LM-1 Melaksanakan Penambahan Daya Tersambung,3,MVA,BEKASI,"9,45",,"1,89","1,89","1,89","1,89","1,89",,"1,95","1,95","1,95","1,95","1,95",,"103,21%",103%,103%,103%,103%,,0,,,,,,,,,,,,,
LM-1 Melaksanakan Penambahan Daya TersambungBOGOR2026,4DX,2026,WIG-1,4DX,LM-1 Melaksanakan Penambahan Daya Tersambung,3,MVA,BOGOR,"11,97",,"2,39","2,39","2,39","2,39","2,39",,"2,67","2,67","2,67","2,67","2,67",,"110,00%",110%,110%,110%,110%,,0,,,,,,,,,,,,,
LM-1 Melaksanakan Penambahan Daya TersambungCIANJUR2026,4DX,2026,WIG-1,4DX,LM-1 Melaksanakan Penambahan Daya Tersambung,3,MVA,CIANJUR,"3,97",,"0,79","0,79","0,79","0,79","0,79",,"0,87","0,87","0,87","0,87","0,87",,"109,68%",110%,110%,110%,110%,,0,,,,,,,,,,,,,
LM-1 Melaksanakan Penambahan Daya TersambungCIKARANG2026,4DX,2026,WIG-1,4DX,LM-1 Melaksanakan Penambahan Daya Tersambung,3,MVA,CIKARANG,"23,04",,"4,61","4,61","4,61","4,61","4,61",,"1,62","1,62","1,62","1,62","1,62",,"35,15%",35%,35%,35%,35%,,3,,,,,,,,,,,,,
LM-1 Melaksanakan Penambahan Daya TersambungCIMAHI2026,4DX,2026,WIG-1,4DX,LM-1 Melaksanakan Penambahan Daya Tersambung,3,MVA,CIMAHI,"6,42",,"1,28","1,28","1,28","1,28","1,28",,"0,92","0,92","0,92","0,92","0,92",,"71,66%",72%,72%,72%,72%,,0,,,,,,,,,,,,,
LM-1 Melaksanakan Penambahan Daya TersambungCIREBON2026,4DX,2026,WIG-1,4DX,LM-1 Melaksanakan Penambahan Daya Tersambung,3,MVA,CIREBON,"8,47",,"1,69","1,69","1,69","1,69","1,69",,"2,29","2,29","2,29","2,29","2,29",,"110,00%",110%,110%,110%,110%,,-1,,,,,,,,,,,,,
LM-1 Melaksanakan Penambahan Daya TersambungDEPOK2026,4DX,2026,WIG-1,4DX,LM-1 Melaksanakan Penambahan Daya Tersambung,3,MVA,DEPOK,"8,95",,"1,79","1,79","1,79","1,79","1,79",,"1,86","1,86","1,86","1,86","1,86",,"103,96%",104%,104%,104%,104%,,0,,,,,,,,,,,,,
LM-1 Melaksanakan Penambahan Daya TersambungGARUT2026,4DX,2026,WIG-1,4DX,LM-1 Melaksanakan Penambahan Daya Tersambung,3,MVA,GARUT,"4,48",,"0,90","0,90","0,90","0,90","0,90",,"0,99","0,99","0,99","0,99","0,99",,"110,00%",110%,110%,110%,110%,,0,,,,,,,,,,,,,
LM-1 Melaksanakan Penambahan Daya TersambungGUNUNG PUTRI2026,4DX,2026,WIG-1,4DX,LM-1 Melaksanakan Penambahan Daya Tersambung,3,MVA,GUNUNG PUTRI,"8,54",,"1,71","1,71","1,71","1,71","1,71",,"1,00","1,00","1,00","1,00","1,00",,"58,55%",59%,59%,59%,59%,,1,,,,,,,,,,,,,
LM-1 Melaksanakan Penambahan Daya TersambungINDRAMAYU2026,4DX,2026,WIG-1,4DX,LM-1 Melaksanakan Penambahan Daya Tersambung,3,MVA,INDRAMAYU,"7,04",,"1,41","1,41","1,41","1,41","1,41",,"2,03","2,03","2,03","2,03","2,03",,"110,00%",110%,110%,110%,110%,,-1,,,,,,,,,,,,,
LM-1 Melaksanakan Penambahan Daya TersambungKARAWANG2026,4DX,2026,WIG-1,4DX,LM-1 Melaksanakan Penambahan Daya Tersambung,3,MVA,KARAWANG,"19,57",,"3,91","3,91","3,91","3,91","3,91",,"1,04","1,04","1,04","1,04","1,04",,"26,57%",27%,27%,27%,27%,,3,,,,,,,,,,,,,
LM-1 Melaksanakan Penambahan Daya TersambungMAJALAYA2026,4DX,2026,WIG-1,4DX,LM-1 Melaksanakan Penambahan Daya Tersambung,3,MVA,MAJALAYA,"6,75",,"1,35","1,35","1,35","1,35","1,35",,"1,07","1,07","1,07","1,07","1,07",,"79,29%",79%,79%,79%,79%,,0,,,,,,,,,,,,,
LM-1 Melaksanakan Penambahan Daya TersambungPURWAKARTA2026,4DX,2026,WIG-1,4DX,LM-1 Melaksanakan Penambahan Daya Tersambung,3,MVA,PURWAKARTA,"10,79",,"2,16","2,16","2,16","2,16","2,16",,"2,35","2,35","2,35","2,35","2,35",,"108,88%",109%,109%,109%,109%,,0,,,,,,,,,,,,,
LM-1 Melaksanakan Penambahan Daya TersambungSUKABUMI2026,4DX,2026,WIG-1,4DX,LM-1 Melaksanakan Penambahan Daya Tersambung,3,MVA,SUKABUMI,"4,98",,"1,00","1,00","1,00","1,00","1,00",,"0,90","0,90","0,90","0,90","0,90",,"90,31%",90%,90%,90%,90%,,0,,,,,,,,,,,,,
LM-1 Melaksanakan Penambahan Daya TersambungSUMEDANG2026,4DX,2026,WIG-1,4DX,LM-1 Melaksanakan Penambahan Daya Tersambung,3,MVA,SUMEDANG,"8,11",,"1,62","1,62","1,62","1,62","1,62",,"1,99","1,99","1,99","1,99","1,99",,"110,00%",110%,110%,110%,110%,,0,,,,,,,,,,,,,
LM-1 Melaksanakan Penambahan Daya TersambungTASIKMALAYA2026,4DX,2026,WIG-1,4DX,LM-1 Melaksanakan Penambahan Daya Tersambung,3,MVA,TASIKMALAYA,"6,03",,"1,21","1,21","1,21","1,21","1,21",,"1,46","1,46","1,46","1,46","1,46",,"110,00%",110%,110%,110%,110%,,"-0,254",,,,,,,,,,,,,
LM-2 Melaksanakan Penyambungan SDS (Same Day Service) dan ODS (One Day Service)Untuk Pelanggan TR 1 Phase tanpa perluasanUID JABAR2026,4DX,2026,WIG-1,4DX,LM-2 Melaksanakan Penyambungan SDS (Same Day Service) dan ODS (One Day Service)Untuk Pelanggan TR 1 Phase tanpa perluasan,3,%,UID JABAR,90%,,90%,90%,90%,90%,90%,,"85,18%","85,18%","85,18%","85,18%","85,18%",,"94,64%",95%,95%,95%,95%,,"0,62",,,,,,,,,,,,,
LM-2 Melaksanakan Penyambungan SDS (Same Day Service) dan ODS (One Day Service)Untuk Pelanggan TR 1 Phase tanpa perluasanBANDUNG2026,4DX,2026,WIG-1,4DX,LM-2 Melaksanakan Penyambungan SDS (Same Day Service) dan ODS (One Day Service)Untuk Pelanggan TR 1 Phase tanpa perluasan,3,%,BANDUNG,90%,,90%,90%,90%,90%,90%,,"78,26%","78,26%","78,26%","78,26%","78,26%",,"86,96%",87%,87%,87%,87%,,"0,12",,,,,,,,,,,,,
LM-2 Melaksanakan Penyambungan SDS (Same Day Service) dan ODS (One Day Service)Untuk Pelanggan TR 1 Phase tanpa perluasanBEKASI2026,4DX,2026,WIG-1,4DX,LM-2 Melaksanakan Penyambungan SDS (Same Day Service) dan ODS (One Day Service)Untuk Pelanggan TR 1 Phase tanpa perluasan,3,%,BEKASI,90%,,90%,90%,90%,90%,90%,,"95,33%","95,33%","95,33%","95,33%","95,33%",,"105,92%",106%,106%,106%,106%,,"-0,05",,,,,,,,,,,,,
LM-2 Melaksanakan Penyambungan SDS (Same Day Service) dan ODS (One Day Service)Untuk Pelanggan TR 1 Phase tanpa perluasanBOGOR2026,4DX,2026,WIG-1,4DX,LM-2 Melaksanakan Penyambungan SDS (Same Day Service) dan ODS (One Day Service)Untuk Pelanggan TR 1 Phase tanpa perluasan,3,%,BOGOR,90%,,90%,90%,90%,90%,90%,,"80,98%","80,98%","80,98%","80,98%","80,98%",,"89,98%",90%,90%,90%,90%,,"0,09",,,,,,,,,,,,,
LM-2 Melaksanakan Penyambungan SDS (Same Day Service) dan ODS (One Day Service)Untuk Pelanggan TR 1 Phase tanpa perluasanCIANJUR2026,4DX,2026,WIG-1,4DX,LM-2 Melaksanakan Penyambungan SDS (Same Day Service) dan ODS (One Day Service)Untuk Pelanggan TR 1 Phase tanpa perluasan,3,%,CIANJUR,90%,,90%,90%,90%,90%,90%,,"84,84%","84,84%","84,84%","84,84%","84,84%",,"94,27%",94%,94%,94%,94%,,"0,05",,,,,,,,,,,,,
LM-2 Melaksanakan Penyambungan SDS (Same Day Service) dan ODS (One Day Service)Untuk Pelanggan TR 1 Phase tanpa perluasanCIKARANG2026,4DX,2026,WIG-1,4DX,LM-2 Melaksanakan Penyambungan SDS (Same Day Service) dan ODS (One Day Service)Untuk Pelanggan TR 1 Phase tanpa perluasan,3,%,CIKARANG,90%,,90%,90%,90%,90%,90%,,"89,45%","89,45%","89,45%","89,45%","89,45%",,"99,39%",99%,99%,99%,99%,,"0,01",,,,,,,,,,,,,
LM-2 Melaksanakan Penyambungan SDS (Same Day Service) dan ODS (One Day Service)Untuk Pelanggan TR 1 Phase tanpa perluasanCIMAHI2026,4DX,2026,WIG-1,4DX,LM-2 Melaksanakan Penyambungan SDS (Same Day Service) dan ODS (One Day Service)Untuk Pelanggan TR 1 Phase tanpa perluasan,3,%,CIMAHI,90%,,90%,90%,90%,90%,90%,,"90,86%","90,86%","90,86%","90,86%","90,86%",,"100,96%",101%,101%,101%,101%,,"-0,01",,,,,,,,,,,,,
LM-2 Melaksanakan Penyambungan SDS (Same Day Service) dan ODS (One Day Service)Untuk Pelanggan TR 1 Phase tanpa perluasanCIREBON2026,4DX,2026,WIG-,4DX,LM-2 Melaksanakan Penyambungan SDS (Same Day Service) dan ODS (One Day Service)Untuk Pelanggan TR 1 Phase tanpa perluasan,3,%,CIREBON,90%,,90%,90%,90%,90%,90%,,"80,86%","80,86%","80,86%","80,86%","80,86%",,"89,84%",90%,90%,90%,90%,,"0,09",,,,,,,,,,,,,
LM-2 Melaksanakan Penyambungan SDS (Same Day Service) dan ODS (One Day Service)Untuk Pelanggan TR 1 Phase tanpa perluasanDEPOK2026,4DX,2026,WIG-1,4DX,LM-2 Melaksanakan Penyambungan SDS (Same Day Service) dan ODS (One Day Service)Untuk Pelanggan TR 1 Phase tanpa perluasan,3,%,DEPOK,90%,,90%,90%,90%,90%,90%,,"83,16%","83,16%","83,16%","83,16%","83,16%",,"92,40%",92%,92%,92%,92%,,"0,07",,,,,,,,,,,,,
LM-2 Melaksanakan Penyambungan SDS (Same Day Service) dan ODS (One Day Service)Untuk Pelanggan TR 1 Phase tanpa perluasanGARUT2026,4DX,2026,WIG-1,4DX,LM-2 Melaksanakan Penyambungan SDS (Same Day Service) dan ODS (One Day Service)Untuk Pelanggan TR 1 Phase tanpa perluasan,3,%,GARUT,90%,,90%,90%,90%,90%,90%,,"89,23%","89,23%","89,23%","89,23%","89,23%",,"99,14%",99%,99%,99%,99%,,"0,01",,,,,,,,,,,,,
LM-2 Melaksanakan Penyambungan SDS (Same Day Service) dan ODS (One Day Service)Untuk Pelanggan TR 1 Phase tanpa perluasanGUNUNG PUTRI2026,4DX,2026,WIG-1,4DX,LM-2 Melaksanakan Penyambungan SDS (Same Day Service) dan ODS (One Day Service)Untuk Pelanggan TR 1 Phase tanpa perluasan,3,%,GUNUNG PUTRI,90%,,90%,90%,90%,90%,90%,,"91,20%","91,20%","91,20%","91,20%","91,20%",,"101,33%",101%,101%,101%,101%,,"-0,01",,,,,,,,,,,,,
LM-2 Melaksanakan Penyambungan SDS (Same Day Service) dan ODS (One Day Service)Untuk Pelanggan TR 1 Phase tanpa perluasanINDRAMAYU2026,4DX,2026,WIG-1,4DX,LM-2 Melaksanakan Penyambungan SDS (Same Day Service) dan ODS (One Day Service)Untuk Pelanggan TR 1 Phase tanpa perluasan,3,%,INDRAMAYU,90%,,90%,90%,90%,90%,90%,,"84,95%","84,95%","84,95%","84,95%","84,95%",,"94,39%",94%,94%,94%,94%,,"0,05",,,,,,,,,,,,,
LM-2 Melaksanakan Penyambungan SDS (Same Day Service) dan ODS (One Day Service)Untuk Pelanggan TR 1 Phase tanpa perluasanKARAWANG2026,4DX,2026,WIG-1,4DX,LM-2 Melaksanakan Penyambungan SDS (Same Day Service) dan ODS (One Day Service)Untuk Pelanggan TR 1 Phase tanpa perluasan,3,%,KARAWANG,90%,,90%,90%,90%,90%,90%,,"95,84%","95,84%","95,84%","95,84%","95,84%",,"106,49%",106%,106%,106%,106%,,"-0,06",,,,,,,,,,,,,
LM-2 Melaksanakan Penyambungan SDS (Same Day Service) dan ODS (One Day Service)Untuk Pelanggan TR 1 Phase tanpa perluasanMAJALAYA2026,4DX,2026,WIG-1,4DX,LM-2 Melaksanakan Penyambungan SDS (Same Day Service) dan ODS (One Day Service)Untuk Pelanggan TR 1 Phase tanpa perluasan,3,%,MAJALAYA,90%,,90%,90%,90%,90%,90%,,"86,29%","86,29%","86,29%","86,29%","86,29%",,"95,88%",96%,96%,96%,96%,,"0,04",,,,,,,,,,,,,
LM-2 Melaksanakan Penyambungan SDS (Same Day Service) dan ODS (One Day Service)Untuk Pelanggan TR 1 Phase tanpa perluasanPURWAKARTA2026,4DX,2026,WIG-1,4DX,LM-2 Melaksanakan Penyambungan SDS (Same Day Service) dan ODS (One Day Service)Untuk Pelanggan TR 1 Phase tanpa perluasan,3,%,PURWAKARTA,90%,,90%,90%,90%,90%,90%,,"94,30%","94,30%","94,30%","94,30%","94,30%",,"104,78%",105%,105%,105%,105%,,"-0,04",,,,,,,,,,,,,
LM-2 Melaksanakan Penyambungan SDS (Same Day Service) dan ODS (One Day Service)Untuk Pelanggan TR 1 Phase tanpa perluasanSUKABUMI2026,4DX,2026,WIG-1,4DX,LM-2 Melaksanakan Penyambungan SDS (Same Day Service) dan ODS (One Day Service)Untuk Pelanggan TR 1 Phase tanpa perluasan,3,%,SUKABUMI,90%,,90%,90%,90%,90%,90%,,"81,30%","81,30%","81,30%","81,30%","81,30%",,"90,33%",90%,90%,90%,90%,,"0,09",,,,,,,,,,,,,
LM-2 Melaksanakan Penyambungan SDS (Same Day Service) dan ODS (One Day Service)Untuk Pelanggan TR 1 Phase tanpa perluasanSUMEDANG2026,4DX,2026,WIG-1,4DX,LM-2 Melaksanakan Penyambungan SDS (Same Day Service) dan ODS (One Day Service)Untuk Pelanggan TR 1 Phase tanpa perluasan,3,%,SUMEDANG,90%,,90%,90%,90%,90%,90%,,"89,63%","89,63%","89,63%","89,63%","89,63%",,"99,59%",100%,100%,100%,100%,,"0,00",,,,,,,,,,,,,
LM-2 Melaksanakan Penyambungan SDS (Same Day Service) dan ODS (One Day Service)Untuk Pelanggan TR 1 Phase tanpa perluasanTASIKMALAYA2026,4DX,2026,WIG-1,4DX,LM-2 Melaksanakan Penyambungan SDS (Same Day Service) dan ODS (One Day Service)Untuk Pelanggan TR 1 Phase tanpa perluasan,3,%,TASIKMALAYA,90%,,90%,90%,90%,90%,90%,,"71,13%","71,13%","71,13%","71,13%","71,13%",,"79,03%",79%,79%,79%,79%,,"0,19",,,,,,,,,,,,,
LM-3 Melaksanakan Penambahan Pelanggan BaruUID JABAR2026,4DX,2026,WIG-1,4DX,LM-3 Melaksanakan Penambahan Pelanggan Baru,3,pelanggan,UID JABAR,49.702,,9.940,9.940,9.940,9.940,9.940,,8.191,8.191,8.191,8.191,8.191,,"82,46%","82,46%",82%,82%,82%,,"1.749,40",,,,,,,,,,,,,
LM-3 Melaksanakan Penambahan Pelanggan BaruBANDUNG2026,4DX,2026,WIG-1,4DX,LM-3 Melaksanakan Penambahan Pelanggan Baru,3,pelanggan,BANDUNG,2.966,,593,593,593,593,593,,486,486,486,486,486,,82%,82%,82%,82%,82%,,"107,20",,,,,,,,,,,,,
LM-3 Melaksanakan Penambahan Pelanggan BaruBEKASI2026,4DX,2026,WIG-1,4DX,LM-3 Melaksanakan Penambahan Pelanggan Baru,3,pelanggan,BEKASI,2.580,,516,516,516,516,516,,358,358,358,358,358,,69%,69%,69%,69%,69%,,"158,00",,,,,,,,,,,,,
LM-3 Melaksanakan Penambahan Pelanggan BaruBOGOR2026,4DX,2026,WIG-1,4DX,LM-3 Melaksanakan Penambahan Pelanggan Baru,3,pelanggan,BOGOR,5.079,,1.016,1.016,1.016,1.016,1.016,,815,815,815,815,815,,80%,80%,80%,80%,80%,,"200,80",,,,,,,,,,,,,
LM-3 Melaksanakan Penambahan Pelanggan BaruCIANJUR2026,4DX,2026,WIG-1,4DX,LM-3 Melaksanakan Penambahan Pelanggan Baru,3,pelanggan,CIANJUR,2.310,,462,462,462,462,462,,373,373,373,373,373,,81%,81%,81%,81%,81%,,"89,00",,,,,,,,,,,,,
LM-3 Melaksanakan Penambahan Pelanggan BaruCIKARANG2026,4DX,2026,WIG-1,4DX,LM-3 Melaksanakan Penambahan Pelanggan Baru,3,pelanggan,CIKARANG,3.505,,701,701,701,701,701,,543,543,543,543,543,,77%,77%,77%,77%,77%,,"158,00",,,,,,,,,,,,,
LM-3 Melaksanakan Penambahan Pelanggan BaruCIMAHI2026,4DX,2026,WIG-1,4DX,LM-3 Melaksanakan Penambahan Pelanggan Baru,3,pelanggan,CIMAHI,2.621,,524,524,524,524,524,,429,429,429,429,429,,82%,82%,82%,82%,82%,,"95,20",,,,,,,,,,,,,
LM-3 Melaksanakan Penambahan Pelanggan BaruCIREBON2026,4DX,2026,WIG-1,4DX,LM-3 Melaksanakan Penambahan Pelanggan Baru,3,pelanggan,CIREBON,3.767,,753,753,753,753,753,,621,621,621,621,621,,82%,82%,82%,82%,82%,,"132,40",,,,,,,,,,,,,
LM-3 Melaksanakan Penambahan Pelanggan BaruDEPOK2026,4DX,2026,WIG-1,4DX,LM-3 Melaksanakan Penambahan Pelanggan Baru,3,pelanggan,DEPOK,3.232,,646,646,646,646,646,,499,499,499,499,499,,77%,77%,77%,77%,77%,,"147,40",,,,,,,,,,,,,
LM-3 Melaksanakan Penambahan Pelanggan BaruGARUT2026,4DX,2026,WIG-1,4DX,LM-3 Melaksanakan Penambahan Pelanggan Baru,3,pelanggan,GARUT,2.978,,596,596,596,596,596,,606,606,606,606,606,,102%,102%,102%,102%,102%,,"-10,40",,,,,,,,,,,,,
LM-3 Melaksanakan Penambahan Pelanggan BaruGUNUNG PUTRI2026,4DX,2026,WIG-1,4DX,LM-3 Melaksanakan Penambahan Pelanggan Baru,3,pelanggan,GUNUNG PUTRI,2.145,,429,429,429,429,429,,357,357,357,357,357,,83%,83%,83%,83%,83%,,"72,00",,,,,,,,,,,,,
LM-3 Melaksanakan Penambahan Pelanggan BaruINDRAMAYU2026,4DX,2026,WIG-1,4DX,LM-3 Melaksanakan Penambahan Pelanggan Baru,3,pelanggan,INDRAMAYU,1.695,,339,339,339,339,339,,293,293,293,293,293,,86%,86%,86%,86%,86%,,"46,00",,,,,,,,,,,,,
LM-3 Melaksanakan Penambahan Pelanggan BaruKARAWANG2026,4DX,2026,WIG-1,4DX,LM-3 Melaksanakan Penambahan Pelanggan Baru,3,pelanggan,KARAWANG,2.586,,517,517,517,517,517,,359,359,359,359,359,,69%,69%,69%,69%,69%,,"158,20",,,,,,,,,,,,,
LM-3 Melaksanakan Penambahan Pelanggan BaruMAJALAYA2026,4DX,2026,WIG-1,4DX,LM-3 Melaksanakan Penambahan Pelanggan Baru,3,pelanggan,MAJALAYA,2.859,,572,572,572,572,572,,466,466,466,466,466,,81%,81%,81%,81%,81%,,"105,80",,,,,,,,,,,,,
LM-3 Melaksanakan Penambahan Pelanggan BaruPURWAKARTA2026,4DX,2026,WIG-1,4DX,LM-3 Melaksanakan Penambahan Pelanggan Baru,3,pelanggan,PURWAKARTA,2.362,,472,472,472,472,472,,442,442,442,442,442,,94%,94%,94%,94%,94%,,"30,40",,,,,,,,,,,,,
LM-3 Melaksanakan Penambahan Pelanggan BaruSUKABUMI2026,4DX,2026,WIG-1,4DX,LM-3 Melaksanakan Penambahan Pelanggan Baru,3,pelanggan,SUKABUMI,2.413,,483,483,483,483,483,,414,414,414,414,414,,86%,86%,86%,86%,86%,,"68,60",,,,,,,,,,,,,
LM-3 Melaksanakan Penambahan Pelanggan BaruSUMEDANG2026,4DX,2026,WIG-1,4DX,LM-3 Melaksanakan Penambahan Pelanggan Baru,3,pelanggan,SUMEDANG,2.785,,557,557,557,557,557,,431,431,431,431,431,,77%,77%,77%,77%,77%,,"126,00",,,,,,,,,,,,,
LM-3 Melaksanakan Penambahan Pelanggan BaruTASIKMALAYA2026,4DX,2026,WIG-1,4DX,LM-3 Melaksanakan Penambahan Pelanggan Baru,3,pelanggan,TASIKMALAYA,3.819,,764,764,764,764,764,,699,699,699,699,699,,92%,92%,92%,92%,92%,,"64,80",,,,,,,,,,,,,
LM-1 Melaksanakan Smart P2TLUID JABAR2026,4DX,2026,WIG-2,4DX,LM-1 Melaksanakan Smart P2TL,3,kWh,UID JABAR,37.793.672,,1.889.684,9.448.418,7.558.734,9.448.418,9.448.418,,1.829.598,8.364.819,6.934.557,8.955.470,10.140.862,,"19,36%",110%,73%,95%,110%,,1.083.599,,,,,,,,,,,,,
LM-1 Melaksanakan Smart P2TLBANDUNG2026,4DX,2026,WIG-2,4DX,LM-1 Melaksanakan Smart P2TL,3,kWh,BANDUNG,2.464.512,,123.226,616.128,492.902,616.128,616.128,,61433,401519,427.939,687.129,711.928,,"65,17%",87%,110%,110%,,,214.609,,,,,,,,,,,,,
LM-1 Melaksanakan Smart P2TLBEKASI2026,4DX,2026,WIG-2,4DX,LM-1 Melaksanakan Smart P2TL,3,kWh,BEKASI,5.288.614,,264.431,1.322.154,1.057.723,1.322.154,1.322.154,,228325,1093426,836.235,1.117.471,1.565.888,,"82,70%",79%,85%,110%,,,228.728,,,,,,,,,,,,,
LM-1 Melaksanakan Smart P2TLBOGOR2026,4DX,2026,WIG-2,4DX,LM-1 Melaksanakan Smart P2TL,3,kWh,BOGOR,1.995.774,,99.789,498.944,399.155,498.944,498.944,,121259,405857,434.469,498.170,454.964,,"81,34%",109%,100%,91%,,,93.087,,,,,,,,,,,,,
LM-1 Melaksanakan Smart P2TLCIANJUR2026,4DX,2026,WIG-2,4DX,LM-1 Melaksanakan Smart P2TL,3,kWh,CIANJUR,1.241.817,,62.091,310.454,248.363,310.454,310.454,,56657,258133,217.699,219.884,269.085,,"83,15%",88%,71%,87%,,,52.321,,,,,,,,,,,,,
LM-1 Melaksanakan Smart P2TLCIKARANG2026,4DX,2026,WIG-2,4DX,LM-1 Melaksanakan Smart P2TL,3,kWh,CIKARANG,4.378.859,,218.943,1.094.715,875.772,1.094.715,1.094.715,,197373,883347,576.836,797.397,1.524.800,,"80,69%",66%,73%,110%,,,211.368,,,,,,,,,,,,,
LM-1 Melaksanakan Smart P2TLCIMAHI2026,4DX,2026,WIG-2,4DX,LM-1 Melaksanakan Smart P2TL,3,kWh,CIMAHI,2.009.731,,100.487,502.433,401.946,502.433,502.433,,123778,429975,376.288,462.714,480.244,,"85,58%",94%,92%,96%,,,72.458,,,,,,,,,,,,,
LM-1 Melaksanakan Smart P2TLCIREBON2026,4DX,2026,WIG-2,4DX,LM-1 Melaksanakan Smart P2TL,3,kWh,CIREBON,1.160.736,,58.037,290.184,232.147,290.184,290.184,,62503,286701,242.492,371.288,279.378,,"98,80%",104%,110%,96%,,,3.483,,,,,,,,,,,,,
LM-1 Melaksanakan Smart P2TLDEPOK2026,4DX,2026,WIG-2,4DX,LM-1 Melaksanakan Smart P2TL,3,kWh,DEPOK,3.033.342,,151.667,758.336,606.668,758.336,758.336,,191346,850084,685.011,844.458,642.048,,"110,00%",110%,110%,85%,20%,,-91.749,,,,,,,,,,,,,
LM-1 Melaksanakan Smart P2TLGARUT2026,4DX,2026,WIG-2,4DX,LM-1 Melaksanakan Smart P2TL,3,kWh,GARUT,1.114.147,,55.707,278.537,222.829,278.537,278.537,,49596,262431,235.149,278.969,277.631,,"94,22%",106%,100%,100%,,,16.106,,,,,,,,,,,,,
LM-1 Melaksanakan Smart P2TLGUNUNG PUTRI2026,4DX,2026,WIG-2,4DX,LM-1 Melaksanakan Smart P2TL,3,kWh,GUNUNG PUTRI,2.376.557,,118.828,594.139,475.311,594.139,594.139,,63818,489233,332.313,520.075,691.533,,"82,34%",70%,88%,110%,,,104.906,,,,,,,,,,,,,
LM-1 Melaksanakan Smart P2TLINDRAMAYU2026,4DX,2026,WIG-2,4DX,LM-1 Melaksanakan Smart P2TL,3,kWh,INDRAMAYU,1.448.724,,72.436,362.181,289.745,362.181,362.181,,76628,288070,275.319,336.467,379.842,,"79,54%",95%,93%,105%,,,74.111,,,,,,,,,,,,,
LM-1 Melaksanakan Smart P2TLKARAWANG2026,4DX,2026,WIG-2,4DX,LM-1 Melaksanakan Smart P2TL,3,kWh,KARAWANG,2.559.007,,127.950,639.752,511.801,639.752,639.752,,131632,616860,502.008,611.591,571.727,,"96,42%",98%,96%,89%,,,22.892,,,,,,,,,,,,,
LM-1 Melaksanakan Smart P2TLMAJALAYA2026,4DX,2026,WIG-2,4DX,LM-1 Melaksanakan Smart P2TL,3,kWh,MAJALAYA,1.187.042,,59.352,296.761,237.408,296.761,296.761,,37320,212985,191.058,245.923,288.820,,"71,77%",80%,83%,97%,,,83.776,,,,,,,,,,,,,
LM-1 Melaksanakan Smart P2TLPURWAKARTA2026,4DX,2026,WIG-2,4DX,LM-1 Melaksanakan Smart P2TL,3,kWh,PURWAKARTA,1.915.144,,95.757,478.786,383.029,478.786,478.786,,92642,449364,367.145,456.967,508.853,,"93,85%",96%,95%,106%,,,29.422,,,,,,,,,,,,,
LM-1 Melaksanakan Smart P2TLSUKABUMI2026,4DX,2026,WIG-2,4DX,LM-1 Melaksanakan Smart P2TL,3,kWh,SUKABUMI,2.260.456,,113.023,565.114,452.091,565.114,565.114,,179320,551753,508.894,567.616,572.029,,"97,64%",110%,100%,101%,,,13.361,,,,,,,,,,,,,
LM-1 Melaksanakan Smart P2TLSUMEDANG2026,4DX,2026,WIG-2,4DX,LM-1 Melaksanakan Smart P2TL,3,kWh,SUMEDANG,822.067,,41.103,205.517,164.413,205.517,205.517,,75570,190598,158.244,185.648,207.483,,"92,74%",96%,90%,101%,,,14.919,,,,,,,,,,,,,
LM-1 Melaksanakan Smart P2TLTASIKMALAYA2026,4DX,2026,WIG-2,4DX,LM-1 Melaksanakan Smart P2TL,3,kWh,TASIKMALAYA,2.537.143,,126.857,634.286,507.429,634.286,634.286,,80398,694483,567.458,753.703,714.609,,"109,49%",110%,110%,110%,,,-60.197,,,,,,,,,,,,,
LM-2 Melaksanakan Pemeriksaan Pelanggan PotensialUID JABAR2026,4DX,2026,WIG-2,4DX,LM-2 Melaksanakan Pemeriksaan Pelanggan Potensial,3,pelanggan,UID JABAR,3.240,,162,810,648,810,810,,235,951,815,956,979,,"110,00%",110%,110%,106%,,,575,,,,,,,,,,,,,
LM-2 Melaksanakan Pemeriksaan Pelanggan PotensialBANDUNG2026,4DX,2026,WIG-2,4DX,LM-2 Melaksanakan Pemeriksaan Pelanggan Potensial,3,pelanggan,BANDUNG,300,,15,75,60,75,75,,16,77,61,70,73,,"21,33%",110%,81%,110%,,,59,,,,,,,,,,,,,
LM-2 Melaksanakan Pemeriksaan Pelanggan PotensialBEKASI2026,4DX,2026,WIG-2,4DX,LM-2 Melaksanakan Pemeriksaan Pelanggan Potensial,3,pelanggan,BEKASI,300,,15,75,60,75,75,,18,85,66,76,87,,"24,00%",110%,88%,110%,,,57,,,,,,,,,,,,,
LM-2 Melaksanakan Pemeriksaan Pelanggan PotensialBOGOR2026,4DX,2026,WIG-2,4DX,LM-2 Melaksanakan Pemeriksaan Pelanggan Potensial,3,pelanggan,BOGOR,300,,15,75,60,75,75,,24,83,74,73,71,,"32,00%",110%,99%,110%,,,51,,,,,,,,,,,,,
LM-2 Melaksanakan Pemeriksaan Pelanggan PotensialCIANJUR2026,4DX,2026,WIG-2,4DX,LM-2 Melaksanakan Pemeriksaan Pelanggan Potensial,3,pelanggan,CIANJUR,120,,6,30,24,30,30,,10,36,31,33,37,,"33,33%",110%,103%,110%,,,20,,,,,,,,,,,,,
LM-2 Melaksanakan Pemeriksaan Pelanggan PotensialCIKARANG2026,4DX,2026,WIG-2,4DX,LM-2 Melaksanakan Pemeriksaan Pelanggan Potensial,3,pelanggan,CIKARANG,240,,12,60,48,60,60,,23,81,66,68,84,,"38,33%",110%,110%,110%,,,37,,,,,,,,,,,,,
LM-2 Melaksanakan Pemeriksaan Pelanggan PotensialCIMAHI2026,4DX,2026,WIG-2,4DX,LM-2 Melaksanakan Pemeriksaan Pelanggan Potensial,3,pelanggan,CIMAHI,180,,9,45,36,45,45,,10,60,44,56,57,,"22,22%",110%,98%,110%,,,35,,,,,,,,,,,,,
LM-2 Melaksanakan Pemeriksaan Pelanggan PotensialCIREBON2026,4DX,2026,WIG-2,4DX,LM-2 Melaksanakan Pemeriksaan Pelanggan Potensial,3,pelanggan,CIREBON,120,,6,30,24,30,30,,14,58,46,72,53,,"46,67%",110%,110%,110%,,,16,,,,,,,,,,,,,
LM-2 Melaksanakan Pemeriksaan Pelanggan PotensialDEPOK2026,4DX,2026,WIG-2,4DX,LM-2 Melaksanakan Pemeriksaan Pelanggan Potensial,3,pelanggan,DEPOK,240,,12,60,48,60,60,,17,75,59,80,93,,"28,33%",110%,98%,110%,,,43,,,,,,,,,,,,,
LM-2 Melaksanakan Pemeriksaan Pelanggan PotensialGARUT2026,4DX,2026,WIG-2,4DX,LM-2 Melaksanakan Pemeriksaan Pelanggan Potensial,3,pelanggan,GARUT,120,,6,30,24,30,30,,6,29,25,30,31,,"20,00%",110%,83%,110%,,,24,,,,,,,,,,,,,
LM-2 Melaksanakan Pemeriksaan Pelanggan PotensialGUNUNG PUTRI2026,4DX,2026,WIG-2,4DX,LM-2 Melaksanakan Pemeriksaan Pelanggan Potensial,3,pelanggan,GUNUNG PUTRI,240,,12,60,48,60,60,,18,69,61,73,71,,"30,00%",110%,102%,110%,,,42,,,,,,,,,,,,,
LM-2 Melaksanakan Pemeriksaan Pelanggan PotensialINDRAMAYU2026,4DX,2026,WIG-2,4DX,LM-2 Melaksanakan Pemeriksaan Pelanggan Potensial,3,pelanggan,INDRAMAYU,120,,6,30,24,30,30,,10,30,33,39,35,,"33,33%",110%,110%,110%,,,20,,,,,,,,,,,,,
LM-2 Melaksanakan Pemeriksaan Pelanggan PotensialKARAWANG2026,4DX,2026,WIG-2,4DX,LM-2 Melaksanakan Pemeriksaan Pelanggan Potensial,3,pelanggan,KARAWANG,300,,15,75,60,75,75,,12,60,66,74,78,,"16,00%",100%,88%,110%,,,63,,,,,,,,,,,,,
LM-2 Melaksanakan Pemeriksaan Pelanggan PotensialMAJALAYA2026,4DX,2026,WIG-2,4DX,LM-2 Melaksanakan Pemeriksaan Pelanggan Potensial,3,pelanggan,MAJALAYA,180,,9,45,36,45,45,,13,58,43,53,54,,"28,89%",110%,96%,110%,,,32,,,,,,,,,,,,,
LM-2 Melaksanakan Pemeriksaan Pelanggan PotensialPURWAKARTA2026,4DX,2026,WIG-2,4DX,LM-2 Melaksanakan Pemeriksaan Pelanggan Potensial,3,pelanggan,PURWAKARTA,120,,6,30,24,30,30,,6,35,30,35,41,,"20,00%",110%,100%,110%,,,24,,,,,,,,,,,,,
LM-2 Melaksanakan Pemeriksaan Pelanggan PotensialSUKABUMI2026,4DX,2026,WIG-2,4DX,LM-2 Melaksanakan Pemeriksaan Pelanggan Potensial,3,pelanggan,SUKABUMI,120,,6,30,24,30,30,,15,31,29,32,31,,"50,00%",110%,97%,110%,,,15,,,,,,,,,,,,,
LM-2 Melaksanakan Pemeriksaan Pelanggan PotensialSUMEDANG2026,4DX,2026,WIG-2,4DX,LM-2 Melaksanakan Pemeriksaan Pelanggan Potensial,3,pelanggan,SUMEDANG,120,,6,30,24,30,30,,11,45,40,37,28,,"36,67%",110%,110%,110%,,,19,,,,,,,,,,,,,
LM-2 Melaksanakan Pemeriksaan Pelanggan PotensialTASIKMALAYA2026,4DX,2026,WIG-2,4DX,LM-2 Melaksanakan Pemeriksaan Pelanggan Potensial,3,pelanggan,TASIKMALAYA,120,,6,30,24,30,30,,12,39,41,55,55,,"40,00%",110%,110%,110%,,,18,,,,,,,,,,,,,
LM-3 Melaksanakan Penggantian KWH MeterUID JABAR2026,4DX,2026,WIG-2,4DX,LM-3 Melaksanakan Penggantian KWH Meter,3,pelanggan,UID JABAR,18.519,,4.274,4.274,2.856,4.274,,,9.863,7.947,8.211,9.829,,,"110,00%",110%,110%,100%,,,-5.589,,,,,,,,,,,,,
LM-3 Melaksanakan Penggantian KWH MeterBANDUNG2026,4DX,2026,WIG-2,4DX,LM-3 Melaksanakan Penggantian KWH Meter,3,pelanggan,BANDUNG,1.653,,381,381,254,381,,,334,169,611,1.598,,,"87,66%",44%,110%,100%,,,47,,,,,,,,,,,,,
LM-3 Melaksanakan Penggantian KWH MeterBEKASI2026,4DX,2026,WIG-2,4DX,LM-3 Melaksanakan Penggantian KWH Meter,3,pelanggan,BEKASI,656,,152,152,102,152,,,660,717,501,759,,,"110,00%",110%,110%,100%,,,-508,,,,,,,,,,,,,
LM-3 Melaksanakan Penggantian KWH MeterBOGOR2026,4DX,2026,WIG-2,4DX,LM-3 Melaksanakan Penggantian KWH Meter,3,pelanggan,BOGOR,1.859,,428,428,286,428,,,920,664,616,841,,,"110,00%",110%,100%,100%,,,-492,,,,,,,,,,,,,
LM-3 Melaksanakan Penggantian KWH MeterCIANJUR2026,4DX,2026,WIG-2,4DX,LM-3 Melaksanakan Penggantian KWH Meter,3,pelanggan,CIANJUR,886,,205,205,137,205,,,332,244,296,240,,,"110,00%",110%,110%,100%,,,-127,,,,,,,,,,,,,
LM-3 Melaksanakan Penggantian KWH MeterCIKARANG2026,4DX,2026,WIG-2,4DX,LM-3 Melaksanakan Penggantian KWH Meter,3,pelanggan,CIKARANG,244,,57,57,38,57,,,853,561,645,840,,,"110,00%",110%,100%,100%,,,-796,,,,,,,,,,,,,
LM-3 Melaksanakan Penggantian KWH MeterCIMAHI2026,4DX,2026,WIG-2,4DX,LM-3 Melaksanakan Penggantian KWH Meter,3,pelanggan,CIMAHI,1.010,,233,233,156,233,,,445,214,272,300,,,"110,00%",92%,110%,100%,,,-212,,,,,,,,,,,,,
LM-3 Melaksanakan Penggantian KWH MeterCIREBON2026,4DX,2026,WIG-2,4DX,LM-3 Melaksanakan Penggantian KWH Meter,3,pelanggan,CIREBON,1.671,,385,385,257,385,,,1.064,720,937,652,,,"110,00%",110%,110%,100%,,,-679,,,,,,,,,,,,,
LM-3 Melaksanakan Penggantian KWH MeterDEPOK2026,4DX,2026,WIG-2,4DX,LM-3 Melaksanakan Penggantian KWH Meter,3,pelanggan,DEPOK,992,,229,229,153,229,,,642,556,715,788,,,"110,00%",110%,110%,100%,,,-413,,,,,,,,,,,,,
LM-3 Melaksanakan Penggantian KWH MeterGARUT2026,4DX,2026,WIG-2,4DX,LM-3 Melaksanakan Penggantian KWH Meter,3,pelanggan,GARUT,419,,97,97,65,97,,,200,420,433,249,,,"110,00%",110%,110%,100%,,,-103,,,,,,,,,,,,,
LM-3 Melaksanakan Penggantian KWH MeterGUNUNG PUTRI2026,4DX,2026,WIG-2,4DX,LM-3 Melaksanakan Penggantian KWH Meter,3,pelanggan,GUNUNG PUTRI,505,,117,117,78,117,,,410,484,505,329,,,"110,00%",110%,0%,100%,,,-293,,,,,,,,,,,,,
LM-3 Melaksanakan Penggantian KWH MeterINDRAMAYU2026,4DX,2026,WIG-2,4DX,LM-3 Melaksanakan Penggantian KWH Meter,3,pelanggan,INDRAMAYU,920,,213,213,142,213,,,333,298,168,245,,,"110,00%",110%,110%,100%,,,-120,,,,,,,,,,,,,
LM-3 Melaksanakan Penggantian KWH MeterKARAWANG2026,4DX,2026,WIG-2,4DX,LM-3 Melaksanakan Penggantian KWH Meter,3,pelanggan,KARAWANG,1.010,,233,233,156,233,,,562,268,328,327,,,"110,00%",110%,110%,100%,,,-329,,,,,,,,,,,,,
LM-3 Melaksanakan Penggantian KWH MeterMAJALAYA2026,4DX,2026,WIG-2,4DX,LM-3 Melaksanakan Penggantian KWH Meter,3,pelanggan,MAJALAYA,938,,217,217,145,217,,,340,320,588,818,,,"110,00%",110%,110%,100%,,,-123,,,,,,,,,,,,,
LM-3 Melaksanakan Penggantian KWH MeterPURWAKARTA2026,4DX,2026,WIG-2,4DX,LM-3 Melaksanakan Penggantian KWH Meter,3,pelanggan,PURWAKARTA,1.498,,345,345,231,345,,,906,858,622,477,,,"110,00%",110%,110%,100%,,,-561,,,,,,,,,,,,,
LM-3 Melaksanakan Penggantian KWH MeterSUKABUMI2026,4DX,2026,WIG-2,4DX,LM-3 Melaksanakan Penggantian KWH Meter,3,pelanggan,SUKABUMI,1.192,,275,275,184,275,,,629,425,339,563,,,"110,00%",110%,110%,100%,,,-354,,,,,,,,,,,,,
LM-3 Melaksanakan Penggantian KWH MeterSUMEDANG2026,4DX,2026,WIG-2,4DX,LM-3 Melaksanakan Penggantian KWH Meter,3,pelanggan,SUMEDANG,1.815,,418,418,279,418,,,777,407,226,281,,,"110,00%",97%,81%,100%,,,-359,,,,,,,,,,,,,
LM-3 Melaksanakan Penggantian KWH MeterTASIKMALAYA2026,4DX,2026,WIG-2,4DX,LM-3 Melaksanakan Penggantian KWH Meter,3,pelanggan,TASIKMALAYA,1.251,,289,289,193,289,,,456,622,409,522,,,"110,00%",110%,110%,100%,,,-167,,,,,,,,,,,,,
LM-4 Melaksanakan Perbaikan PHBTR tua/rusak  UID JABAR2026,4DX,2026,WIG-2,4DX,LM-4 Melaksanakan Perbaikan PHBTR tua/rusak  ,3,Unit,UID JABAR,,,86,86,86,86,86,,,,,,,,,,,,,,86,,,,,,,,,,,,,
LM-4 Melaksanakan Perbaikan PHBTR tua/rusak  BANDUNG2026,4DX,2026,WIG-2,4DX,LM-4 Melaksanakan Perbaikan PHBTR tua/rusak  ,3,Unit,BANDUNG,,,7,7,7,7,7,,,,,,,,,,,,,,7,,,,,,,,,,,,,
LM-4 Melaksanakan Perbaikan PHBTR tua/rusak  BEKASI2026,4DX,2026,WIG-2,4DX,LM-4 Melaksanakan Perbaikan PHBTR tua/rusak  ,3,Unit,BEKASI,,,5,5,5,5,5,,,,,,,,,,,,,,5,,,,,,,,,,,,,
LM-4 Melaksanakan Perbaikan PHBTR tua/rusak  BOGOR2026,4DX,2026,WIG-2,4DX,LM-4 Melaksanakan Perbaikan PHBTR tua/rusak  ,3,Unit,BOGOR,,,6,6,6,6,6,,,,,,,,,,,,,,6,,,,,,,,,,,,,
LM-4 Melaksanakan Perbaikan PHBTR tua/rusak  CIANJUR2026,4DX,2026,WIG-2,4DX,LM-4 Melaksanakan Perbaikan PHBTR tua/rusak  ,3,Unit,CIANJUR,,,5,5,5,5,5,,,,,,,,,,,,,,5,,,,,,,,,,,,,
LM-4 Melaksanakan Perbaikan PHBTR tua/rusak  CIKARANG2026,4DX,2026,WIG-2,4DX,LM-4 Melaksanakan Perbaikan PHBTR tua/rusak  ,3,Unit,CIKARANG,,,4,4,4,4,4,,,,,,,,,,,,,,4,,,,,,,,,,,,,
LM-4 Melaksanakan Perbaikan PHBTR tua/rusak  CIMAHI2026,4DX,2026,WIG-2,4DX,LM-4 Melaksanakan Perbaikan PHBTR tua/rusak  ,3,Unit,CIMAHI,,,6,6,6,6,6,,,,,,,,,,,,,,6,,,,,,,,,,,,,
LM-4 Melaksanakan Perbaikan PHBTR tua/rusak  CIREBON2026,4DX,2026,WIG-2,4DX,LM-4 Melaksanakan Perbaikan PHBTR tua/rusak  ,3,Unit,CIREBON,,,5,5,5,5,5,,,,,,,,,,,,,,5,,,,,,,,,,,,,
LM-4 Melaksanakan Perbaikan PHBTR tua/rusak  DEPOK2026,4DX,2026,WIG-2,4DX,LM-4 Melaksanakan Perbaikan PHBTR tua/rusak  ,3,Unit,DEPOK,,,5,5,5,5,5,,,,,,,,,,,,,,5,,,,,,,,,,,,,
LM-4 Melaksanakan Perbaikan PHBTR tua/rusak  GARUT2026,4DX,2026,WIG-2,4DX,LM-4 Melaksanakan Perbaikan PHBTR tua/rusak  ,3,Unit,GARUT,,,5,5,5,5,5,,,,,,,,,,,,,,5,,,,,,,,,,,,,
LM-4 Melaksanakan Perbaikan PHBTR tua/rusak  GUNUNG PUTRI2026,4DX,2026,WIG-2,4DX,LM-4 Melaksanakan Perbaikan PHBTR tua/rusak  ,3,Unit,GUNUNG PUTRI,,,3,3,3,3,3,,,,,,,,,,,,,,3,,,,,,,,,,,,,
LM-4 Melaksanakan Perbaikan PHBTR tua/rusak  INDRAMAYU2026,4DX,2026,WIG-2,4DX,LM-4 Melaksanakan Perbaikan PHBTR tua/rusak  ,3,Unit,INDRAMAYU,,,4,4,4,4,4,,,,,,,,,,,,,,4,,,,,,,,,,,,,
LM-4 Melaksanakan Perbaikan PHBTR tua/rusak  KARAWANG2026,4DX,2026,WIG-2,4DX,LM-4 Melaksanakan Perbaikan PHBTR tua/rusak  ,3,Unit,KARAWANG,,,4,4,4,4,4,,,,,,,,,,,,,,4,,,,,,,,,,,,,
LM-4 Melaksanakan Perbaikan PHBTR tua/rusak  MAJALAYA2026,4DX,2026,WIG-2,4DX,LM-4 Melaksanakan Perbaikan PHBTR tua/rusak  ,3,Unit,MAJALAYA,,,5,5,5,5,5,,,,,,,,,,,,,,5,,,,,,,,,,,,,
LM-4 Melaksanakan Perbaikan PHBTR tua/rusak  PURWAKARTA2026,4DX,2026,WIG-2,4DX,LM-4 Melaksanakan Perbaikan PHBTR tua/rusak  ,3,Unit,PURWAKARTA,,,5,5,5,5,5,,,,,,,,,,,,,,5,,,,,,,,,,,,,
LM-4 Melaksanakan Perbaikan PHBTR tua/rusak  SUKABUMI2026,4DX,2026,WIG-2,4DX,LM-4 Melaksanakan Perbaikan PHBTR tua/rusak  ,3,Unit,SUKABUMI,,,6,6,6,6,6,,,,,,,,,,,,,,6,,,,,,,,,,,,,
LM-4 Melaksanakan Perbaikan PHBTR tua/rusak  SUMEDANG2026,4DX,2026,WIG-2,4DX,LM-4 Melaksanakan Perbaikan PHBTR tua/rusak  ,3,Unit,SUMEDANG,,,4,4,4,4,4,,,,,,,,,,,,,,4,,,,,,,,,,,,,
LM-4 Melaksanakan Perbaikan PHBTR tua/rusak  TASIKMALAYA2026,4DX,2026,WIG-2,4DX,LM-4 Melaksanakan Perbaikan PHBTR tua/rusak  ,3,Unit,TASIKMALAYA,,,7,7,7,7,7,,,,,,,,,,,,,,7,,,,,,,,,,,,,
LM-1 Melaksanakan Kegiatan ROWUID JABAR2026,4DX,2026,WIG-3,4DX,LM-1 Melaksanakan Kegiatan ROW,3,Pohon,UID JABAR,51.157,,10.231,10.231,10.231,10.231,10.231,,,,,,,,,,,,,,4.402,,,,,,,,,,,,,
LM-1 Melaksanakan Kegiatan ROWBANDUNG2026,4DX,2026,WIG-3,4DX,LM-1 Melaksanakan Kegiatan ROW,3,Pohon,BANDUNG,496,,99,99,99,99,99,,,,,,,,,,,,,,99,,,,,,,,,,,,,
LM-1 Melaksanakan Kegiatan ROWBEKASI2026,4DX,2026,WIG-3,4DX,LM-1 Melaksanakan Kegiatan ROW,3,Pohon,BEKASI,846,,169,169,169,169,169,,,,,,,,,,,,,,169,,,,,,,,,,,,,
LM-1 Melaksanakan Kegiatan ROWBOGOR2026,4DX,2026,WIG-3,4DX,LM-1 Melaksanakan Kegiatan ROW,3,Pohon,BOGOR,3.208,,642,642,642,642,642,,3.059,2.765,1.776,,,,"110,00%",110%,110%,,,,-2.417,,,,,,,,,,,,,
LM-1 Melaksanakan Kegiatan ROWCIANJUR2026,4DX,2026,WIG-3,4DX,LM-1 Melaksanakan Kegiatan ROW,3,Pohon,CIANJUR,4.000,,800,800,800,800,800,,,,,,,,,,,,,,800,,,,,,,,,,,,,
LM-1 Melaksanakan Kegiatan ROWCIKARANG2026,4DX,2026,WIG-3,4DX,LM-1 Melaksanakan Kegiatan ROW,3,Pohon,CIKARANG,0,,0,0,0,0,0,,,,,,,,,,,,,,0,,,,,,,,,,,,,
LM-1 Melaksanakan Kegiatan ROWCIMAHI2026,4DX,2026,WIG-3,4DX,LM-1 Melaksanakan Kegiatan ROW,3,Pohon,CIMAHI,800,,160,160,160,160,160,,,,,,,,,,,,,,160,,,,,,,,,,,,,
LM-1 Melaksanakan Kegiatan ROWCIREBON2026,4DX,2026,WIG-3,4DX,LM-1 Melaksanakan Kegiatan ROW,3,Pohon,CIREBON,1.172,,234,234,234,234,234,,,,,,,,,,,,,,234,,,,,,,,,,,,,
LM-1 Melaksanakan Kegiatan ROWDEPOK2026,4DX,2026,WIG-3,4DX,LM-1 Melaksanakan Kegiatan ROW,3,Pohon,DEPOK,0,,0,0,0,0,0,,,,,,,,,,,,,,0,,,,,,,,,,,,,
LM-1 Melaksanakan Kegiatan ROWGARUT2026,4DX,2026,WIG-3,4DX,LM-1 Melaksanakan Kegiatan ROW,3,Pohon,GARUT,6.724,,1.345,1.345,1.345,1.345,1.345,,2.770,,,,,,"110,00%",,,,,,-1.425,,,,,,,,,,,,,
LM-1 Melaksanakan Kegiatan ROWGUNUNG PUTRI2026,4DX,2026,WIG-3,4DX,LM-1 Melaksanakan Kegiatan ROW,3,Pohon,GUNUNG PUTRI,2.165,,433,433,433,433,433,,,,,,,,,,,,,,433,,,,,,,,,,,,,
LM-1 Melaksanakan Kegiatan ROWINDRAMAYU2026,4DX,2026,WIG-3,4DX,LM-1 Melaksanakan Kegiatan ROW,3,Pohon,INDRAMAYU,1.111,,222,222,222,222,222,,,,,,,,,,,,,,222,,,,,,,,,,,,,
LM-1 Melaksanakan Kegiatan ROWKARAWANG2026,4DX,2026,WIG-3,4DX,LM-1 Melaksanakan Kegiatan ROW,3,Pohon,KARAWANG,1.771,,354,354,354,354,354,,,,,,,,,,,,,,354,,,,,,,,,,,,,
LM-1 Melaksanakan Kegiatan ROWMAJALAYA2026,4DX,2026,WIG-3,4DX,LM-1 Melaksanakan Kegiatan ROW,3,Pohon,MAJALAYA,5.670,,1.134,1.134,1.134,1.134,1.134,,,,,,,,,,,,,,1.134,,,,,,,,,,,,,
LM-1 Melaksanakan Kegiatan ROWPURWAKARTA2026,4DX,2026,WIG-3,4DX,LM-1 Melaksanakan Kegiatan ROW,3,Pohon,PURWAKARTA,5.311,,1.062,1.062,1.062,1.062,1.062,,,,,,,,,,,,,,1.062,,,,,,,,,,,,,
LM-1 Melaksanakan Kegiatan ROWSUKABUMI2026,4DX,2026,WIG-3,4DX,LM-1 Melaksanakan Kegiatan ROW,3,Pohon,SUKABUMI,3.948,,790,790,790,790,790,,,,,,,,,,,,,,790,,,,,,,,,,,,,
LM-1 Melaksanakan Kegiatan ROWSUMEDANG2026,4DX,2026,WIG-3,4DX,LM-1 Melaksanakan Kegiatan ROW,3,Pohon,SUMEDANG,4.809,,962,962,962,962,962,,,,,,,,,,,,,,962,,,,,,,,,,,,,
LM-1 Melaksanakan Kegiatan ROWTASIKMALAYA2026,4DX,2026,WIG-3,4DX,LM-1 Melaksanakan Kegiatan ROW,3,Pohon,TASIKMALAYA,9.127,,1.825,1.825,1.825,1.825,1.825,,,,,,,,,,,,,,1.825,,,,,,,,,,,,,
LM-2 Melaksanakan Pemasangan Proteksi BinatangUID JABAR2026,4DX,2026,WIG-3,4DX,LM-2 Melaksanakan Pemasangan Proteksi Binatang,3,buah,UID JABAR,11.279,,2.256,2.256,2.256,2.256,2.256,,,,,,,,,,,,,,1.883,,,,,,,,,,,,,
LM-2 Melaksanakan Pemasangan Proteksi BinatangBANDUNG2026,4DX,2026,WIG-3,4DX,LM-2 Melaksanakan Pemasangan Proteksi Binatang,3,buah,BANDUNG,434,,87,87,87,87,87,,,,,,,,,,,,,,87,,,,,,,,,,,,,
LM-2 Melaksanakan Pemasangan Proteksi BinatangBEKASI2026,4DX,2026,WIG-3,4DX,LM-2 Melaksanakan Pemasangan Proteksi Binatang,3,buah,BEKASI,631,,126,126,126,126,126,,,,,,,,,,,,,,126,,,,,,,,,,,,,
LM-2 Melaksanakan Pemasangan Proteksi BinatangBOGOR2026,4DX,2026,WIG-3,4DX,LM-2 Melaksanakan Pemasangan Proteksi Binatang,3,buah,BOGOR,586,,117,117,117,117,117,,255,204,68,,,,"110,00%",110%,"58,12%",,,,-138,,,,,,,,,,,,,
LM-2 Melaksanakan Pemasangan Proteksi BinatangCIANJUR2026,4DX,2026,WIG-3,4DX,LM-2 Melaksanakan Pemasangan Proteksi Binatang,3,buah,CIANJUR,540,,108,108,108,108,108,,,,,,,,,,,,,,108,,,,,,,,,,,,,
LM-2 Melaksanakan Pemasangan Proteksi BinatangCIKARANG2026,4DX,2026,WIG-3,4DX,LM-2 Melaksanakan Pemasangan Proteksi Binatang,3,buah,CIKARANG,,,0,0,0,0,0,,,,,,,,,,,,,,0,,,,,,,,,,,,,
LM-2 Melaksanakan Pemasangan Proteksi BinatangCIMAHI2026,4DX,2026,WIG-3,4DX,LM-2 Melaksanakan Pemasangan Proteksi Binatang,3,buah,CIMAHI,1.213,,243,243,243,243,243,,,,,,,,,,,,,,243,,,,,,,,,,,,,
LM-2 Melaksanakan Pemasangan Proteksi BinatangCIREBON2026,4DX,2026,WIG-3,4DX,LM-2 Melaksanakan Pemasangan Proteksi Binatang,3,buah,CIREBON,567,,113,113,113,113,113,,,,,,,,,,,,,,113,,,,,,,,,,,,,
LM-2 Melaksanakan Pemasangan Proteksi BinatangDEPOK2026,4DX,2026,WIG-3,4DX,LM-2 Melaksanakan Pemasangan Proteksi Binatang,3,buah,DEPOK,187,,37,37,37,37,37,,,,,,,,,,,,,,37,,,,,,,,,,,,,
LM-2 Melaksanakan Pemasangan Proteksi BinatangGARUT2026,4DX,2026,WIG-3,4DX,LM-2 Melaksanakan Pemasangan Proteksi Binatang,3,buah,GARUT,1.056,,211,211,211,211,211,,96,,,,,,"45,50%",,,,,,115,,,,,,,,,,,,,
LM-2 Melaksanakan Pemasangan Proteksi BinatangGUNUNG PUTRI2026,4DX,2026,WIG-3,4DX,LM-2 Melaksanakan Pemasangan Proteksi Binatang,3,buah,GUNUNG PUTRI,290,,58,58,58,58,58,,,,,,,,,,,,,,58,,,,,,,,,,,,,
LM-2 Melaksanakan Pemasangan Proteksi BinatangINDRAMAYU2026,4DX,2026,WIG-3,4DX,LM-2 Melaksanakan Pemasangan Proteksi Binatang,3,buah,INDRAMAYU,432,,86,86,86,86,86,,,,,,,,,,,,,,86,,,,,,,,,,,,,
LM-2 Melaksanakan Pemasangan Proteksi BinatangKARAWANG2026,4DX,2026,WIG-3,4DX,LM-2 Melaksanakan Pemasangan Proteksi Binatang,3,buah,KARAWANG,373,,75,75,75,75,75,,,,,,,,,,,,,,75,,,,,,,,,,,,,
LM-2 Melaksanakan Pemasangan Proteksi BinatangMAJALAYA2026,4DX,2026,WIG-3,4DX,LM-2 Melaksanakan Pemasangan Proteksi Binatang,3,buah,MAJALAYA,602,,120,120,120,120,120,,,,,,,,,,,,,,120,,,,,,,,,,,,,
LM-2 Melaksanakan Pemasangan Proteksi BinatangPURWAKARTA2026,4DX,2026,WIG-3,4DX,LM-2 Melaksanakan Pemasangan Proteksi Binatang,3,buah,PURWAKARTA,924,,185,185,185,185,185,,,,,,,,,,,,,,185,,,,,,,,,,,,,
LM-2 Melaksanakan Pemasangan Proteksi BinatangSUKABUMI2026,4DX,2026,WIG-3,4DX,LM-2 Melaksanakan Pemasangan Proteksi Binatang,3,buah,SUKABUMI,2.094,,419,419,419,419,419,,,,,,,,,,,,,,419,,,,,,,,,,,,,
LM-2 Melaksanakan Pemasangan Proteksi BinatangSUMEDANG2026,4DX,2026,WIG-3,4DX,LM-2 Melaksanakan Pemasangan Proteksi Binatang,3,buah,SUMEDANG,364,,73,73,73,73,73,,,,,,,,,,,,,,73,,,,,,,,,,,,,
LM-2 Melaksanakan Pemasangan Proteksi BinatangTASIKMALAYA2026,4DX,2026,WIG-3,4DX,LM-2 Melaksanakan Pemasangan Proteksi Binatang,3,buah,TASIKMALAYA,882,,176,176,176,176,176,,,,,,,,,,,,,,176,,,,,,,,,,,,,
LM-3 Melaksanakan Kegiatan Pemasangan Proteksi PetirUID JABAR2026,4DX,2026,WIG-3,4DX,LM-3 Melaksanakan Kegiatan Pemasangan Proteksi Petir,3,buah,UID JABAR,2.973,,595,595,595,595,595,,,,,,,,,,,,,,419,,,,,,,,,,,,,
LM-3 Melaksanakan Kegiatan Pemasangan Proteksi PetirBANDUNG2026,4DX,2026,WIG-3,4DX,LM-3 Melaksanakan Kegiatan Pemasangan Proteksi Petir,3,buah,BANDUNG,74,,15,15,15,15,15,,,,,,,,,,,,,,15,,,,,,,,,,,,,
LM-3 Melaksanakan Kegiatan Pemasangan Proteksi PetirBEKASI2026,4DX,2026,WIG-3,4DX,LM-3 Melaksanakan Kegiatan Pemasangan Proteksi Petir,3,buah,BEKASI,61,,12,12,12,12,12,,,,,,,,,,,,,,12,,,,,,,,,,,,,
LM-3 Melaksanakan Kegiatan Pemasangan Proteksi PetirBOGOR2026,4DX,2026,WIG-3,4DX,LM-3 Melaksanakan Kegiatan Pemasangan Proteksi Petir,3,buah,BOGOR,189,,38,38,38,38,38,,97,97,64,,,,"110,00%","110,00%","110,00%",,,,-59,,,,,,,,,,,,,
LM-3 Melaksanakan Kegiatan Pemasangan Proteksi PetirCIANJUR2026,4DX,2026,WIG-3,4DX,LM-3 Melaksanakan Kegiatan Pemasangan Proteksi Petir,3,buah,CIANJUR,320,,64,64,64,64,64,,,,,,,,,,,,,,64,,,,,,,,,,,,,
LM-3 Melaksanakan Kegiatan Pemasangan Proteksi PetirCIKARANG2026,4DX,2026,WIG-3,4DX,LM-3 Melaksanakan Kegiatan Pemasangan Proteksi Petir,3,buah,CIKARANG,38,,8,8,8,8,8,,,,,,,,,,,,,,8,,,,,,,,,,,,,
LM-3 Melaksanakan Kegiatan Pemasangan Proteksi PetirCIMAHI2026,4DX,2026,WIG-3,4DX,LM-3 Melaksanakan Kegiatan Pemasangan Proteksi Petir,3,buah,CIMAHI,59,,12,12,12,12,12,,,,,,,,,,,,,,12,,,,,,,,,,,,,
LM-3 Melaksanakan Kegiatan Pemasangan Proteksi PetirCIREBON2026,4DX,2026,WIG-3,4DX,LM-3 Melaksanakan Kegiatan Pemasangan Proteksi Petir,3,buah,CIREBON,154,,31,31,31,31,31,,,,,,,,,,,,,,31,,,,,,,,,,,,,
LM-3 Melaksanakan Kegiatan Pemasangan Proteksi PetirDEPOK2026,4DX,2026,WIG-3,4DX,LM-3 Melaksanakan Kegiatan Pemasangan Proteksi Petir,3,buah,DEPOK,95,,19,19,19,19,19,,,,,,,,,,,,,,19,,,,,,,,,,,,,
LM-3 Melaksanakan Kegiatan Pemasangan Proteksi PetirGARUT2026,4DX,2026,WIG-3,4DX,LM-3 Melaksanakan Kegiatan Pemasangan Proteksi Petir,3,buah,GARUT,167,,33,33,33,33,33,,80,,,,,,"110,00%",,,,,,-47,,,,,,,,,,,,,
LM-3 Melaksanakan Kegiatan Pemasangan Proteksi PetirGUNUNG PUTRI2026,4DX,2026,WIG-3,4DX,LM-3 Melaksanakan Kegiatan Pemasangan Proteksi Petir,3,buah,GUNUNG PUTRI,117,,23,23,23,23,23,,,,,,,,,,,,,,23,,,,,,,,,,,,,
LM-3 Melaksanakan Kegiatan Pemasangan Proteksi PetirINDRAMAYU2026,4DX,2026,WIG-3,4DX,LM-3 Melaksanakan Kegiatan Pemasangan Proteksi Petir,3,buah,INDRAMAYU,192,,38,38,38,38,38,,,,,,,,,,,,,,38,,,,,,,,,,,,,
LM-3 Melaksanakan Kegiatan Pemasangan Proteksi PetirKARAWANG2026,4DX,2026,WIG-3,4DX,LM-3 Melaksanakan Kegiatan Pemasangan Proteksi Petir,3,buah,KARAWANG,181,,36,36,36,36,36,,,,,,,,,,,,,,36,,,,,,,,,,,,,
LM-3 Melaksanakan Kegiatan Pemasangan Proteksi PetirMAJALAYA2026,4DX,2026,WIG-3,4DX,LM-3 Melaksanakan Kegiatan Pemasangan Proteksi Petir,3,buah,MAJALAYA,270,,54,54,54,54,54,,,,,,,,,,,,,,54,,,,,,,,,,,,,
LM-3 Melaksanakan Kegiatan Pemasangan Proteksi PetirPURWAKARTA2026,4DX,2026,WIG-3,4DX,LM-3 Melaksanakan Kegiatan Pemasangan Proteksi Petir,3,buah,PURWAKARTA,154,,31,31,31,31,31,,,,,,,,,,,,,,31,,,,,,,,,,,,,
LM-3 Melaksanakan Kegiatan Pemasangan Proteksi PetirSUKABUMI2026,4DX,2026,WIG-3,4DX,LM-3 Melaksanakan Kegiatan Pemasangan Proteksi Petir,3,buah,SUKABUMI,68,,14,14,14,14,14,,,,,,,,,,,,,,14,,,,,,,,,,,,,
LM-3 Melaksanakan Kegiatan Pemasangan Proteksi PetirSUMEDANG2026,4DX,2026,WIG-3,4DX,LM-3 Melaksanakan Kegiatan Pemasangan Proteksi Petir,3,buah,SUMEDANG,328,,66,66,66,66,66,,,,,,,,,,,,,,66,,,,,,,,,,,,,
LM-3 Melaksanakan Kegiatan Pemasangan Proteksi PetirTASIKMALAYA2026,4DX,2026,WIG-3,4DX,LM-3 Melaksanakan Kegiatan Pemasangan Proteksi Petir,3,buah,TASIKMALAYA,508,,102,102,102,102,102,,,,,,,,,,,,,,102,,,,,,,,,,,,,
LM-1 Melaksanakan Input Dokumen K3UID JABAR2026,4DX,2026,WIG-4,4DX,LM-1 Melaksanakan Input Dokumen K3,3,%,UID JABAR,100%,,100%,100%,100%,100%,100%,,100%,100%,100%,100%,100%,,"100,00%",100%,100%,100%,100%,,0,,,,,,,,,,,,,
LM-1 Melaksanakan Input Dokumen K3BANDUNG2026,4DX,2026,WIG-4,4DX,LM-1 Melaksanakan Input Dokumen K3,3,%,BANDUNG,100%,,100%,100%,100%,100%,100%,,100%,100%,100%,100%,100%,,"100,00%",100%,100%,100%,100%,,0,,,,,,,,,,,,,
LM-1 Melaksanakan Input Dokumen K3BEKASI2026,4DX,2026,WIG-4,4DX,LM-1 Melaksanakan Input Dokumen K3,3,%,BEKASI,100%,,100%,100%,100%,100%,100%,,100%,100%,100%,100%,100%,,"100,00%",100%,100%,100%,100%,,0,,,,,,,,,,,,,
LM-1 Melaksanakan Input Dokumen K3BOGOR2026,4DX,2026,WIG-4,4DX,LM-1 Melaksanakan Input Dokumen K3,3,%,BOGOR,100%,,100%,100%,100%,100%,100%,,100%,100%,100%,100%,100%,,"100,00%",100%,100%,100%,100%,,0,,,,,,,,,,,,,
LM-1 Melaksanakan Input Dokumen K3CIANJUR2026,4DX,2026,WIG-4,4DX,LM-1 Melaksanakan Input Dokumen K3,3,%,CIANJUR,100%,,100%,100%,100%,100%,100%,,100%,100%,100%,100%,100%,,"100,00%",100%,100%,100%,100%,,0,,,,,,,,,,,,,
LM-1 Melaksanakan Input Dokumen K3CIKARANG2026,4DX,2026,WIG-4,4DX,LM-1 Melaksanakan Input Dokumen K3,3,%,CIKARANG,100%,,100%,100%,100%,100%,100%,,100%,100%,100%,100%,100%,,"100,00%",100%,100%,100%,100%,,0,,,,,,,,,,,,,
LM-1 Melaksanakan Input Dokumen K3CIMAHI2026,4DX,2026,WIG-4,4DX,LM-1 Melaksanakan Input Dokumen K3,3,%,CIMAHI,100%,,100%,100%,100%,100%,100%,,100%,100%,100%,100%,100%,,"100,00%",100%,100%,100%,100%,,0,,,,,,,,,,,,,
LM-1 Melaksanakan Input Dokumen K3CIREBON2026,4DX,2026,WIG-4,4DX,LM-1 Melaksanakan Input Dokumen K3,3,%,CIREBON,100%,,100%,100%,100%,100%,100%,,100%,100%,100%,100%,100%,,"100,00%",100%,100%,100%,100%,,0,,,,,,,,,,,,,
LM-1 Melaksanakan Input Dokumen K3DEPOK2026,4DX,2026,WIG-4,4DX,LM-1 Melaksanakan Input Dokumen K3,3,%,DEPOK,100%,,100%,100%,100%,100%,100%,,100%,100%,100%,100%,100%,,"100,00%",100%,100%,100%,100%,,0,,,,,,,,,,,,,
LM-1 Melaksanakan Input Dokumen K3GARUT2026,4DX,2026,WIG-4,4DX,LM-1 Melaksanakan Input Dokumen K3,3,%,GARUT,100%,,100%,100%,100%,100%,100%,,100%,100%,100%,100%,100%,,"100,00%",100%,100%,100%,100%,,0,,,,,,,,,,,,,
LM-1 Melaksanakan Input Dokumen K3GUNUNG PUTRI2026,4DX,2026,WIG-4,4DX,LM-1 Melaksanakan Input Dokumen K3,3,%,GUNUNG PUTRI,100%,,100%,100%,100%,100%,100%,,100%,100%,100%,100%,100%,,"100,00%",100%,100%,100%,100%,,0,,,,,,,,,,,,,
LM-1 Melaksanakan Input Dokumen K3INDRAMAYU2026,4DX,2026,WIG-4,4DX,LM-1 Melaksanakan Input Dokumen K3,3,%,INDRAMAYU,100%,,100%,100%,100%,100%,100%,,100%,100%,100%,100%,100%,,"100,00%",100%,100%,100%,100%,,0,,,,,,,,,,,,,
LM-1 Melaksanakan Input Dokumen K3KARAWANG2026,4DX,2026,WIG-4,4DX,LM-1 Melaksanakan Input Dokumen K3,3,%,KARAWANG,100%,,100%,100%,100%,100%,100%,,100%,100%,100%,100%,100%,,"100,00%",100%,100%,100%,100%,,0,,,,,,,,,,,,,
LM-1 Melaksanakan Input Dokumen K3MAJALAYA2026,4DX,2026,WIG-4,4DX,LM-1 Melaksanakan Input Dokumen K3,3,%,MAJALAYA,100%,,100%,100%,100%,100%,100%,,100%,100%,100%,100%,100%,,"100,00%",100%,100%,100%,100%,,0,,,,,,,,,,,,,
LM-1 Melaksanakan Input Dokumen K3PURWAKARTA2026,4DX,2026,WIG-4,4DX,LM-1 Melaksanakan Input Dokumen K3,3,%,PURWAKARTA,100%,,100%,100%,100%,100%,100%,,100%,100%,100%,100%,100%,,"100,00%",100%,100%,100%,100%,,0,,,,,,,,,,,,,
LM-1 Melaksanakan Input Dokumen K3SUKABUMI2026,4DX,2026,WIG-4,4DX,LM-1 Melaksanakan Input Dokumen K3,3,%,SUKABUMI,100%,,100%,100%,100%,100%,100%,,100%,100%,100%,100%,100%,,"100,00%",100%,100%,100%,100%,,0,,,,,,,,,,,,,
LM-1 Melaksanakan Input Dokumen K3SUMEDANG2026,4DX,2026,WIG-4,4DX,LM-1 Melaksanakan Input Dokumen K3,3,%,SUMEDANG,100%,,100%,100%,100%,100%,100%,,100%,100%,100%,100%,100%,,"100,00%",100%,100%,100%,100%,,0,,,,,,,,,,,,,
LM-1 Melaksanakan Input Dokumen K3TASIKMALAYA2026,4DX,2026,WIG-4,4DX,LM-1 Melaksanakan Input Dokumen K3,3,%,TASIKMALAYA,100%,,100%,100%,100%,100%,100%,,100%,100%,100%,100%,100%,,"100,00%",100%,100%,100%,100%,,0,,,,,,,,,,,,,
LM-1 Melaksanakan Input Dokumen K3UP2D2026,4DX,2026,WIG-4,4DX,LM-1 Melaksanakan Input Dokumen K3,3,%,UP2D,100%,,100%,100%,100%,100%,100%,,100%,100%,100%,100%,100%,,"100,00%",100%,100%,100%,100%,,0,,,,,,,,,,,,,
LM-2 Melaksanakan Inspeksi dan Tindak Lanjut temuan pada Aplikasi Inspekta UID JABAR2026,4DX,2026,WIG-3,4DX,LM-2 Melaksanakan Inspeksi dan Tindak Lanjut temuan pada Aplikasi Inspekta ,3,Kali,UID JABAR,,,93,465,372,465,465,,128,555,737,690,706,,"110,00%","110,0%",110%,110%,,,,,,,,,,,,,,,,
LM-2 Melaksanakan Inspeksi dan Tindak Lanjut temuan pada Aplikasi Inspekta BANDUNG2026,4DX,2026,WIG-3,4DX,LM-2 Melaksanakan Inspeksi dan Tindak Lanjut temuan pada Aplikasi Inspekta ,3,Kali,BANDUNG,,,8,40,32,40,40,,9,47,49,50,47,,"110,00%",110%,110%,110%,110%,,-1,,,,,,,,,,,,,
LM-2 Melaksanakan Inspeksi dan Tindak Lanjut temuan pada Aplikasi Inspekta BEKASI2026,4DX,2026,WIG-3,4DX,LM-2 Melaksanakan Inspeksi dan Tindak Lanjut temuan pada Aplikasi Inspekta ,3,Kali,BEKASI,,,6,30,24,30,30,,8,35,53,52,51,,"110,00%",110%,110%,110%,110%,,-2,,,,,,,,,,,,,
LM-2 Melaksanakan Inspeksi dan Tindak Lanjut temuan pada Aplikasi Inspekta BOGOR2026,4DX,2026,WIG-3,4DX,LM-2 Melaksanakan Inspeksi dan Tindak Lanjut temuan pada Aplikasi Inspekta ,3,Kali,BOGOR,,,7,35,28,35,35,,7,42,57,52,53,,"100,00%",110%,110%,110%,110%,,0,,,,,,,,,,,,,
LM-2 Melaksanakan Inspeksi dan Tindak Lanjut temuan pada Aplikasi Inspekta CIANJUR2026,4DX,2026,WIG-3,4DX,LM-2 Melaksanakan Inspeksi dan Tindak Lanjut temuan pada Aplikasi Inspekta ,3,Kali,CIANJUR,,,5,25,20,25,25,,4,24,26,32,28,,"80,00%",96%,110%,110%,110%,,1,,,,,,,,,,,,,
LM-2 Melaksanakan Inspeksi dan Tindak Lanjut temuan pada Aplikasi Inspekta CIKARANG2026,4DX,2026,WIG-3,4DX,LM-2 Melaksanakan Inspeksi dan Tindak Lanjut temuan pada Aplikasi Inspekta ,3,Kali,CIKARANG,,,4,20,16,20,20,,4,17,22,22,23,,"100,00%",85%,110%,110%,110%,,0,,,,,,,,,,,,,
LM-2 Melaksanakan Inspeksi dan Tindak Lanjut temuan pada Aplikasi Inspekta CIMAHI2026,4DX,2026,WIG-3,4DX,LM-2 Melaksanakan Inspeksi dan Tindak Lanjut temuan pada Aplikasi Inspekta ,3,Kali,CIMAHI,,,7,35,28,35,35,,12,51,57,60,56,,"110,00%",110%,110%,110%,110%,,-5,,,,,,,,,,,,,
LM-2 Melaksanakan Inspeksi dan Tindak Lanjut temuan pada Aplikasi Inspekta CIREBON2026,4DX,2026,WIG-3,4DX,LM-2 Melaksanakan Inspeksi dan Tindak Lanjut temuan pada Aplikasi Inspekta ,3,Kali,CIREBON,,,5,25,20,25,25,,5,28,30,22,38,,"100,00%",110%,110%,88%,110%,,0,,,,,,,,,,,,,
LM-2 Melaksanakan Inspeksi dan Tindak Lanjut temuan pada Aplikasi Inspekta DEPOK2026,4DX,2026,WIG-3,4DX,LM-2 Melaksanakan Inspeksi dan Tindak Lanjut temuan pada Aplikasi Inspekta ,3,Kali,DEPOK,,,5,25,20,25,25,,5,21,27,26,25,,"100,00%",84%,110%,104%,100%,,0,,,,,,,,,,,,,
LM-2 Melaksanakan Inspeksi dan Tindak Lanjut temuan pada Aplikasi Inspekta GARUT2026,4DX,2026,WIG-3,4DX,LM-2 Melaksanakan Inspeksi dan Tindak Lanjut temuan pada Aplikasi Inspekta ,3,Kali,GARUT,,,5,25,20,25,25,,13,19,33,25,25,,"110,00%",76%,110%,100%,100%,,-8,,,,,,,,,,,,,
LM-2 Melaksanakan Inspeksi dan Tindak Lanjut temuan pada Aplikasi Inspekta GUNUNG PUTRI2026,4DX,2026,WIG-3,4DX,LM-2 Melaksanakan Inspeksi dan Tindak Lanjut temuan pada Aplikasi Inspekta ,3,Kali,GUNUNG PUTRI,,,3,15,12,15,15,,3,12,15,15,14,,"100,00%",80%,110%,100%,93%,,0,,,,,,,,,,,,,
LM-2 Melaksanakan Inspeksi dan Tindak Lanjut temuan pada Aplikasi Inspekta INDRAMAYU2026,4DX,2026,WIG-3,4DX,LM-2 Melaksanakan Inspeksi dan Tindak Lanjut temuan pada Aplikasi Inspekta ,3,Kali,INDRAMAYU,,,4,20,16,20,20,,4,16,20,20,21,,"100,00%",80%,110%,100%,105%,,0,,,,,,,,,,,,,
LM-2 Melaksanakan Inspeksi dan Tindak Lanjut temuan pada Aplikasi Inspekta KARAWANG2026,4DX,2026,WIG-3,4DX,LM-2 Melaksanakan Inspeksi dan Tindak Lanjut temuan pada Aplikasi Inspekta ,3,Kali,KARAWANG,,,5,25,20,25,25,,4,23,27,26,27,,"80,00%",92%,110%,104%,108%,,1,,,,,,,,,,,,,
LM-2 Melaksanakan Inspeksi dan Tindak Lanjut temuan pada Aplikasi Inspekta MAJALAYA2026,4DX,2026,WIG-3,4DX,LM-2 Melaksanakan Inspeksi dan Tindak Lanjut temuan pada Aplikasi Inspekta ,3,Kali,MAJALAYA,,,6,30,24,30,30,,7,28,35,36,37,,"110,00%",93%,110%,110%,110%,,-1,,,,,,,,,,,,,
LM-2 Melaksanakan Inspeksi dan Tindak Lanjut temuan pada Aplikasi Inspekta PURWAKARTA2026,4DX,2026,WIG-3,4DX,LM-2 Melaksanakan Inspeksi dan Tindak Lanjut temuan pada Aplikasi Inspekta ,3,Kali,PURWAKARTA,,,5,25,20,25,25,,8,34,54,55,65,,"110,00%",110%,110%,110%,110%,,-3,,,,,,,,,,,,,
LM-2 Melaksanakan Inspeksi dan Tindak Lanjut temuan pada Aplikasi Inspekta SUKABUMI2026,4DX,2026,WIG-3,4DX,LM-2 Melaksanakan Inspeksi dan Tindak Lanjut temuan pada Aplikasi Inspekta ,3,Kali,SUKABUMI,,,6,30,24,30,30,,6,24,30,32,33,,"100,00%",80%,110%,107%,110%,,0,,,,,,,,,,,,,
LM-2 Melaksanakan Inspeksi dan Tindak Lanjut temuan pada Aplikasi Inspekta SUMEDANG2026,4DX,2026,WIG-3,4DX,LM-2 Melaksanakan Inspeksi dan Tindak Lanjut temuan pada Aplikasi Inspekta ,3,Kali,SUMEDANG,,,4,20,16,20,20,,9,42,47,51,50,,"110,00%",110%,110%,110%,110%,,-5,,,,,,,,,,,,,
LM-2 Melaksanakan Inspeksi dan Tindak Lanjut temuan pada Aplikasi Inspekta TASIKMALAYA2026,4DX,2026,WIG-3,4DX,LM-2 Melaksanakan Inspeksi dan Tindak Lanjut temuan pada Aplikasi Inspekta ,3,Kali,TASIKMALAYA,,,7,35,28,35,35,,20,71,81,101,97,,"110,00%",110%,110%,110%,110%,,-13,,,,,,,,,,,,,
LM-2 Melaksanakan Inspeksi dan Tindak Lanjut temuan pada Aplikasi Inspekta UP2D2026,4DX,2026,WIG-3,4DX,LM-2 Melaksanakan Inspeksi dan Tindak Lanjut temuan pada Aplikasi Inspekta ,3,Kali,UP2D,,,5,5,5,3,5,,0,21,74,13,16,,"0,00%",110%,110%,110%,110%,,,,,,,,,,,,,,,
LM-3 Melaksanakan Input data CCVUID JABAR2026,4DX,2026,WIG-4,4DX,LM-3 Melaksanakan Input data CCV,3,Kali,UID JABAR,,,186,930,744,930,930,,281,1.314,1.343,1.410,1.344,,"110,00%","110,0%",110%,110%,,,,,,,,,,,,,,,,
LM-3 Melaksanakan Input data CCVBANDUNG2026,4DX,2026,WIG-4,4DX,LM-3 Melaksanakan Input data CCV,3,Kali,BANDUNG,,,16,80,64,80,80,,19,92,110,100,97,,"110,00%",,,,,,-3,,,,,,,,,,,,,
LM-3 Melaksanakan Input data CCVBEKASI2026,4DX,2026,WIG-4,4DX,LM-3 Melaksanakan Input data CCV,3,Kali,BEKASI,,,12,60,48,60,60,,24,155,158,159,160,,"110,00%",,,,,,-12,,,,,,,,,,,,,
LM-3 Melaksanakan Input data CCVBOGOR2026,4DX,2026,WIG-4,4DX,LM-3 Melaksanakan Input data CCV,3,Kali,BOGOR,,,14,70,56,70,70,,17,70,84,90,96,,"110,00%",,,,,,-3,,,,,,,,,,,,,
LM-3 Melaksanakan Input data CCVCIANJUR2026,4DX,2026,WIG-4,4DX,LM-3 Melaksanakan Input data CCV,3,Kali,CIANJUR,,,10,50,40,50,50,,16,45,61,59,60,,"110,00%",,,,,,,,,,,,,,,,,,,
LM-3 Melaksanakan Input data CCVCIKARANG2026,4DX,2026,WIG-4,4DX,LM-3 Melaksanakan Input data CCV,3,Kali,CIKARANG,,,8,40,32,40,40,,15,36,40,43,36,,"110,00%",,,,,,-7,,,,,,,,,,,,,
LM-3 Melaksanakan Input data CCVCIMAHI2026,4DX,2026,WIG-4,4DX,LM-3 Melaksanakan Input data CCV,3,Kali,CIMAHI,,,14,70,56,70,70,,27,152,148,136,142,,"110,00%",,,,,,-13,,,,,,,,,,,,,
LM-3 Melaksanakan Input data CCVCIREBON2026,4DX,2026,WIG-4,4DX,LM-3 Melaksanakan Input data CCV,3,Kali,CIREBON,,,10,50,40,50,50,,7,35,33,90,52,,"70,00%",,,,,,3,,,,,,,,,,,,,
LM-3 Melaksanakan Input data CCVDEPOK2026,4DX,2026,WIG-4,4DX,LM-3 Melaksanakan Input data CCV,3,Kali,DEPOK,,,10,50,40,50,50,,10,52,53,53,50,,"100,00%",,,,,,0,,,,,,,,,,,,,
LM-3 Melaksanakan Input data CCVGARUT2026,4DX,2026,WIG-4,4DX,LM-3 Melaksanakan Input data CCV,3,Kali,GARUT,,,10,50,40,50,50,,11,75,81,107,107,,"110,00%",,,,,,,,,,,,,,,,,,,
LM-3 Melaksanakan Input data CCVGUNUNG PUTRI2026,4DX,2026,WIG-4,4DX,LM-3 Melaksanakan Input data CCV,3,Kali,GUNUNG PUTRI,,,6,30,24,30,30,,10,35,43,41,38,,"110,00%",,,,,,-4,,,,,,,,,,,,,
LM-3 Melaksanakan Input data CCVINDRAMAYU2026,4DX,2026,WIG-4,4DX,LM-3 Melaksanakan Input data CCV,3,Kali,INDRAMAYU,,,8,40,32,40,40,,14,66,46,58,49,,"110,00%",,,,,,,,,,,,,,,,,,,
LM-3 Melaksanakan Input data CCVKARAWANG2026,4DX,2026,WIG-4,4DX,LM-3 Melaksanakan Input data CCV,3,Kali,KARAWANG,,,10,50,40,50,50,,9,54,53,56,59,,"90,00%",,,,,,1,,,,,,,,,,,,,
LM-3 Melaksanakan Input data CCVMAJALAYA2026,4DX,2026,WIG-4,4DX,LM-3 Melaksanakan Input data CCV,3,Kali,MAJALAYA,,,12,60,48,60,60,,9,66,71,73,67,,"75,00%",,,,,,,,,,,,,,,,,,,
LM-3 Melaksanakan Input data CCVPURWAKARTA2026,4DX,2026,WIG-4,4DX,LM-3 Melaksanakan Input data CCV,3,Kali,PURWAKARTA,,,10,50,40,50,50,,8,58,62,65,61,,"80,00%",,,,,,,,,,,,,,,,,,,
LM-3 Melaksanakan Input data CCVSUKABUMI2026,4DX,2026,WIG-4,4DX,LM-3 Melaksanakan Input data CCV,3,Kali,SUKABUMI,,,12,60,48,60,60,,13,59,64,71,65,,"108,33%",,,,,,,,,,,,,,,,,,,
LM-3 Melaksanakan Input data CCVSUMEDANG2026,4DX,2026,WIG-4,4DX,LM-3 Melaksanakan Input data CCV,3,Kali,SUMEDANG,,,8,40,32,40,40,,50,142,133,113,110,,"110,00%",,,,,,,,,,,,,,,,,,,
LM-3 Melaksanakan Input data CCVTASIKMALAYA2026,4DX,2026,WIG-4,4DX,LM-3 Melaksanakan Input data CCV,3,Kali,TASIKMALAYA,,,14,70,56,70,70,,22,122,103,96,95,,"110,00%",,,,,,,,,,,,,,,,,,,
LM-3 Melaksanakan Input data CCVUP2D2026,4DX,2026,WIG-4,4DX,LM-3 Melaksanakan Input data CCV,3,Kali,UP2D,,,10,10,10,6,10,,0,0,0,0,0,,"0,00%",,,,,,,,,,,,,,,,,,,
LM-4 Melaksanakan Sosialisasi K3 kepada masyarakat umumUID JABAR2026,4DX,2026,WIG-4,4DX,LM-4 Melaksanakan Sosialisasi K3 kepada masyarakat umum,3,Kegiatan,UID JABAR,,,93,465,372,465,465,,118,555,646,659,684,,,,,,,,-25,,,,,,,,,,,,,
LM-4 Melaksanakan Sosialisasi K3 kepada masyarakat umumBANDUNG2026,4DX,2026,WIG-4,4DX,LM-4 Melaksanakan Sosialisasi K3 kepada masyarakat umum,3,Kegiatan,BANDUNG,,,8,40,32,40,40,,9,38,51,47,46,,"110,00%",,,,,,,,,,,,,,,,,,,
LM-4 Melaksanakan Sosialisasi K3 kepada masyarakat umumBEKASI2026,4DX,2026,WIG-4,4DX,LM-4 Melaksanakan Sosialisasi K3 kepada masyarakat umum,3,Kegiatan,BEKASI,,,6,30,24,30,30,,8,24,35,39,37,,"110,00%",,,,,,,,,,,,,,,,,,,
LM-4 Melaksanakan Sosialisasi K3 kepada masyarakat umumBOGOR2026,4DX,2026,WIG-4,4DX,LM-4 Melaksanakan Sosialisasi K3 kepada masyarakat umum,3,Kegiatan,BOGOR,,,7,35,28,35,35,,7,34,42,45,43,,"100,00%",97%,110%,110%,,,0,,,,,,,,,,,,,
LM-4 Melaksanakan Sosialisasi K3 kepada masyarakat umumCIANJUR2026,4DX,2026,WIG-4,4DX,LM-4 Melaksanakan Sosialisasi K3 kepada masyarakat umum,3,Kegiatan,CIANJUR,,,5,25,20,25,25,,4,25,31,29,38,,"80,00%",100%,110%,110%,,,1,,,,,,,,,,,,,
LM-4 Melaksanakan Sosialisasi K3 kepada masyarakat umumCIKARANG2026,4DX,2026,WIG-4,4DX,LM-4 Melaksanakan Sosialisasi K3 kepada masyarakat umum,3,Kegiatan,CIKARANG,,,4,20,16,20,20,,4,16,21,20,22,,"100,00%",,,,,,,,,,,,,,,,,,,
LM-4 Melaksanakan Sosialisasi K3 kepada masyarakat umumCIMAHI2026,4DX,2026,WIG-4,4DX,LM-4 Melaksanakan Sosialisasi K3 kepada masyarakat umum,3,Kegiatan,CIMAHI,,,7,35,28,35,35,,16,71,84,82,85,,"110,00%",110%,110%,110%,,,-9,,,,,,,,,,,,,
LM-4 Melaksanakan Sosialisasi K3 kepada masyarakat umumCIREBON2026,4DX,2026,WIG-4,4DX,LM-4 Melaksanakan Sosialisasi K3 kepada masyarakat umum,3,Kegiatan,CIREBON,,,5,25,20,25,25,,5,26,28,19,35,,"100,00%",104%,110%,76%,,,0,,,,,,,,,,,,,
LM-4 Melaksanakan Sosialisasi K3 kepada masyarakat umumDEPOK2026,4DX,2026,WIG-4,4DX,LM-4 Melaksanakan Sosialisasi K3 kepada masyarakat umum,3,Kegiatan,DEPOK,,,5,25,20,25,25,,5,21,27,25,25,,"100,00%",84%,110%,100%,,,0,,,,,,,,,,,,,
LM-4 Melaksanakan Sosialisasi K3 kepada masyarakat umumGARUT2026,4DX,2026,WIG-4,4DX,LM-4 Melaksanakan Sosialisasi K3 kepada masyarakat umum,3,Kegiatan,GARUT,,,5,25,20,25,25,,4,19,24,25,25,,"80,00%",76%,110%,100%,,,1,,,,,,,,,,,,,
LM-4 Melaksanakan Sosialisasi K3 kepada masyarakat umumGUNUNG PUTRI2026,4DX,2026,WIG-4,4DX,LM-4 Melaksanakan Sosialisasi K3 kepada masyarakat umum,3,Kegiatan,GUNUNG PUTRI,,,3,15,12,15,15,,3,14,16,15,16,,"100,00%",93%,110%,100%,,,0,,,,,,,,,,,,,
LM-4 Melaksanakan Sosialisasi K3 kepada masyarakat umumINDRAMAYU2026,4DX,2026,WIG-4,4DX,LM-4 Melaksanakan Sosialisasi K3 kepada masyarakat umum,3,Kegiatan,INDRAMAYU,,,4,20,16,20,20,,4,16,20,20,21,,"100,00%",80%,110%,100%,,,0,,,,,,,,,,,,,
LM-4 Melaksanakan Sosialisasi K3 kepada masyarakat umumKARAWANG2026,4DX,2026,WIG-4,4DX,LM-4 Melaksanakan Sosialisasi K3 kepada masyarakat umum,3,Kegiatan,KARAWANG,,,5,25,20,25,25,,4,23,25,25,25,,"80,00%",,,,,,,,,,,,,,,,,,,
LM-4 Melaksanakan Sosialisasi K3 kepada masyarakat umumMAJALAYA2026,4DX,2026,WIG-4,4DX,LM-4 Melaksanakan Sosialisasi K3 kepada masyarakat umum,3,Kegiatan,MAJALAYA,,,6,30,24,30,30,,6,24,30,30,33,,"100,00%",80%,110%,100%,,,0,,,,,,,,,,,,,
LM-4 Melaksanakan Sosialisasi K3 kepada masyarakat umumPURWAKARTA2026,4DX,2026,WIG-4,4DX,LM-4 Melaksanakan Sosialisasi K3 kepada masyarakat umum,3,Kegiatan,PURWAKARTA,,,5,25,20,25,25,,9,32,39,46,44,,"110,00%",110%,110%,110%,,,-4,,,,,,,,,,,,,
LM-4 Melaksanakan Sosialisasi K3 kepada masyarakat umumSUKABUMI2026,4DX,2026,WIG-4,4DX,LM-4 Melaksanakan Sosialisasi K3 kepada masyarakat umum,3,Kegiatan,SUKABUMI,,,6,30,24,30,30,,6,24,30,33,30,,"100,00%",80%,110%,110%,,,0,,,,,,,,,,,,,
LM-4 Melaksanakan Sosialisasi K3 kepada masyarakat umumSUMEDANG2026,4DX,2026,WIG-4,4DX,LM-4 Melaksanakan Sosialisasi K3 kepada masyarakat umum,3,Kegiatan,SUMEDANG,,,4,20,16,20,20,,8,36,43,41,55,,"110,00%",110%,110%,110%,,,-4,,,,,,,,,,,,,
LM-4 Melaksanakan Sosialisasi K3 kepada masyarakat umumTASIKMALAYA2026,4DX,2026,WIG-4,4DX,LM-4 Melaksanakan Sosialisasi K3 kepada masyarakat umum,3,Kegiatan,TASIKMALAYA,,,7,35,28,35,35,,16,112,95,115,109,,"110,00%",110%,110%,110%,,,9,,,,,,,,,,,,,
LM-4 Melaksanakan Sosialisasi K3 kepada masyarakat umumUP2D2026,4DX,2026,WIG-4,4DX,LM-4 Melaksanakan Sosialisasi K3 kepada masyarakat umum,3,Kegiatan,UP2D,,,0,"0,00","0,00","0,00","0,00",,"0,00","0,00","5,00","3,00","5,00",,"100,00%",,,,,,,,,,,,,,,,,,,